[
    {
        "id": 1,
        "first_Name": "ADMIN",
        "last_Name": "",
        "email": "admin@Hublog.com",
        "dob": "2024-03-15T00:00:00",
        "doj": "2024-03-15T00:00:00",
        "phone": "9876543210",
        "usersName": "admin",
        "password": "123456",
        "gender": "MALE",
        "organizationId": 1,
        "roleId": 2,
        "designationId": 1,
        "teamId": 1,
        "active": true,
        "roleName": "ADMIN",
        "accessLevel": "1",
        "designationName": "OPERATION",
        "teamName": "OPERATION"
    },
    {
        "id": 1,
        "first_Name": "VETRI",
        "last_Name": "",
        "email": "vetri@Hublog.com",
        "dob": "2023-03-15T00:00:00",
        "doj": "2023-03-15T00:00:00",
        "phone": "8667648145",
        "usersName": "empvetri",
        "password": "123456",
        "gender": "MALE",
        "organizationId": 1,
        "roleId": 3,
        "designationId": 1,
        "teamId": 1,
        "active": true,
        "roleName": "EMPLOYEE",
        "accessLevel": "2",
        "designationName": "OPERATION",
        "teamName": "OPERATION"
    }
]